Batch #,SKU #,Date Batched,Who Batched? 
869,HHM5257,2014-11-25,Jon-Joe 
872,RFC2229,2014-12-01,Jon-Joe 
873,FBL2724,2014-12-05,Jon-Joe 
874,BCS2939,2014-12-01,Jon-Joe 
875,LCC5776,2014-12-02,Jon-Joe 
876,GLC5370,2014-12-02,Jon-Joe 
877,RS2039,2014-12-04,Jon-Joe 
878,RPM2199,2014-12-05,Jon-Joe 
879,BCS2939,2014-12-08,Jon-Joe 
880,LBO2083,2014-12-09,Jon-Joe 
881,RGC5097,2014-12-09,Jon-Joe 
882,HHM5257,2015-02-05,Jon-Joe 
883,BA2663,2014-12-10,Jon-Joe 
884,RM2069,2014-12-11,Jon-Joe 
885,EV2748,2014-12-16,Jon-Joe 
886,AIT2120,2014-12-11,Jon-Joe 
889,RM2069,2014-12-12,Jon-Joe 
892,AAI5011,2014-12-16,Jon-Joe 
894,RE2052,2014-12-17,Jon-Joe 
895,LCF5561,2014-12-19,Jon-Joe 
896,BCS2939,2014-12-18,Jon-Joe 
897,RNC2076,2014-12-19,Jon-Joe 
898,AST2106,2014-12-19,Jon-Joe 
901,LBO5844,2014-12-22,Jon-Joe 
906,RGC5097,2015-01-05,Jon-Joe 
909,LCN5929,2015-01-05,Jon-Joe 
910,RM2069,2015-01-06,Jon-Joe 
911,FBL2724,2015-01-07,Jon-Joe 
912,LCF5561,2015-01-07,Jon-Joe 
913,LBO2083,2015-01-19,Jon-Joe 
914,RPM2199,2015-01-08,Jon-Joe 
915,LCN5929,2015-01-09,Jon-Joe 
917,RNC2076,2015-01-12,Jon-Joe 
918,FCO5417,2015-01-13,Jon-Joe 
919,HFE2175,2015-01-12,Jon-Joe 
926,BF2687,2015-01-12,Jon-Joe 
927,EV2748,2015-01-22,Jon-Joe 
928,CBS2854,2015-01-22,Jon-Joe 
931,LCP5554,2015-01-15,Jon-Joe 
932,BCS2939,2015-01-15,Jon-Joe 
933,LCC5547,2015-01-16,Jon-Joe 
934,COL5394,2015-01-15,Jon-Joe 
936,RS2039,0115-01-19,Jon-Joe 
938,RGC5097,2015-01-22,Jon-Joe 
939,RM2069,2015-01-22,Jon-Joe 
942,BT2670,2015-01-22,Jon-Joe 
943,BA2663,2015-01-23,Jon-Joe 
944,RPM2199,2015-01-23,Jon-Joe 
945,GLC5370,2015-01-27,Jon-Joe 
946,GLC5370,2015-01-28,Jon-Joe 
947,COL5394,2015-01-28,Jon-Joe 
948,HFE2175,2015-01-30,Jon-Joe 
950,AAI5011,2015-01-29,Jon-Joe 
951,RE2052,2015-01-29,Jon-Joe 
952,RGC5097,2015-01-30,Jon-Joe 
953,LVN5912,2015-02-02,Jon-Joe 
954,RFC2229,2015-02-02,Jon-Joe 
955,RNC2076,2015-02-02,Jon-Joe 
956,RBM2045,2015-02-04,Jon-Joe 
957,AST2106,2015-02-04,Jon-Joe 